<?xml version="1.0" encoding="UTF-8" ?>
<!DOCTYPE log4j:configuration SYSTEM "log4j.dtd">
<log4j:configuration debug="true"
	xmlns:log4j='http://jakarta.apache.org/log4j/'>

	<appender name="file" class="org.apache.log4j.RollingFileAppender">
	   <param name="append" value="false" />
	   <param name="maxFileSize" value="10MB" />
	   <!-- For Tomcat -->
	   <param name="file" value="${catalina.home}/logs/Card.log" />
	   <layout class="org.apache.log4j.PatternLayout">
		<param name="ConversionPattern" 
			value="%d{yyyy-MM-dd HH:mm:ss} %-5p %c{1}:%L - %m%n %C %M " />
	   </layout>
	</appender>
	
	<appender name="console" class="org.apache.log4j.ConsoleAppender">
	   <param name="append" value="false" />
	   <!-- For Tomcat -->
	  
		<layout class="org.apache.log4j.PatternLayout">
		<param name="ConversionPattern" 
			value="%d{yyyy-MM-dd HH:mm:ss} %-5p %c{1}:%L - %m%n %C %M " />
	   </layout>
	</appender>

	
	<logger name="com">
        <level value="TRACE" />
        <appender-ref ref="file" />
        <appender-ref ref="console" />
        
    </logger>
    
    

</log4j:configuration>