<beans xmlns="http://www.springframework.org/schema/beans"
    xmlns:xsi="http://www.w3.org/2001/XMLSchema-instance"
    xmlns:context="http://www.springframework.org/schema/context"
    xmlns:mvc="http://www.springframework.org/schema/mvc"
    xmlns:aop="http://www.springframework.org/schema/aop"
    xmlns:tx="http://www.springframework.org/schema/tx"
    xsi:schemaLocation="http://www.springframework.org/schema/beans
    http://www.springframework.org/schema/beans/spring-beans-3.0.xsd
    http://www.springframework.org/schema/aop
    http://www.springframework.org/schema/aop/spring-aop-3.0.xsd
    http://www.springframework.org/schema/mvc
    http://www.springframework.org/schema/mvc/spring-mvc-3.0.xsd
    http://www.springframework.org/schema/tx 
    http://www.springframework.org/schema/tx/spring-tx-3.0.xsd       
    http://www.springframework.org/schema/context
    http://www.springframework.org/schema/context/spring-context-3.0.xsd">
	<context:component-scan base-package="com" />
	
	<mvc:annotation-driven />
    
	<bean id="viewResolver"
		class="org.springframework.web.servlet.view.tiles3.TilesViewResolver" />
	<bean id="tilesConfigurer"
		class="org.springframework.web.servlet.view.tiles3.TilesConfigurer">
		<property name="definitions">
			<list>
				<value>/WEB-INF/layouts/layouts.xml</value>
				<value>/WEB-INF/layouts/views.xml</value>
			</list>
		</property>
	</bean>
	
	<bean id="dataSource"
		class="org.springframework.jdbc.datasource.DriverManagerDataSource">
		<property name="driverClassName"
			value="com.mysql.jdbc.Driver" />
		<property name = "url" value = "jdbc:mysql://carddb.c2l5cxksh2pt.us-east-1.rds.amazonaws.com:3306"/>
		<!-- 
		<property name="url"
			value="jdbc:mysql://google/carddb?socketFactory=com.google.cloud.sql.mysql.SocketFactory&amp;cloudSqlInstance=testproject-268315:us-central1:carddb" />
		 -->
		<property name="username" value="admin" />
		<property name="password" value="Darkrai1997" />
	</bean>

	<bean id="deckDAO" class="com.services.implementations.DeckDAO">
		<property name="dataSource" ref="dataSource" />
	</bean>

	<bean id="cardDAO" class="com.services.implementations.CardDAO">
		<property name="dataSource" ref="dataSource" />
	</bean>

	<bean id="userDAO" class="com.services.implementations.UserDAO">
		<property name="dataSource" ref="dataSource" />
	</bean>
	

</beans>
 